Epoch_no,Accuracy,IoU,Dice,f1_score,Precision,Recall,Specificity,MCC
1,93.6215,0.17518050330025808,0.29717189925057547,0.9362149919782367,0.9362149919782367,0.9362149919782367,0.9362149919782367,0.34924224444798063
2,94.232834,0.3310653141566685,0.496417624609811,0.9423283168247768,0.9423283168247768,0.9423283168247768,0.9423283168247768,0.48969340324401855
3,94.32111,0.3930510793413435,0.5639093944004604,0.9432111467633929,0.9432111467633929,0.9432111467633929,0.9432111467633929,0.538672821862357
4,94.83348,0.44364047050476074,0.6144984109061105,0.9483348301478794,0.9483348301478794,0.9483348301478794,0.9483348301478794,0.5899710655212402
5,95.01572,0.4381017344338553,0.6089294297354562,0.9501571655273438,0.9501571655273438,0.9501571655273438,0.9501571655273438,0.588940007346017
