Epoch_no,Val_Accuracy,Val_IoU,Val_Dice,Val_f1_score,Val_Precision,Val_Recall,Val_Specificity,Train_Accuracy,Train_IoU,Train_Dice,Train_f1_scorVal_e,Train_Precision,Train_Recall,Train_Specificity,Train_MCC,Train_f1_score,Train_loss,Val_MCC,Val_loss
1,92.78025,0.0,9.999998797281608e-09,0.927802494594029,0.927802494594029,0.927802494594029,0.927802494594029,91.98207,0.0,1.0000005204346962e-08,,0.9198209228515625,0.9198209228515625,0.9198209228515625,,0.91982080078125,0.2960100471973419,,0.30332157015800476
2,92.87526,0.018022211534636363,0.03496667742729187,0.9287526266915458,0.9287526266915458,0.9287526266915458,0.9287526266915458,92.0578,0.011764625549316406,0.022984941482543944,,0.9205782470703125,0.9205782470703125,0.9205782470703125,,0.9205782470703125,0.27493804693222046,0.0965355294091361,0.2567545175552368
3,93.67107,0.2082503523145403,0.33852451188223703,0.9367106301443917,0.9367106301443917,0.9367106301443917,0.9367106301443917,92.766075,0.14125289916992187,0.2406011962890625,,0.92766064453125,0.92766064453125,0.92766064453125,0.3053299865722656,0.92766064453125,0.20469889044761658,0.3680535725184849,0.24180768430233002
4,93.95943,0.301492554800851,0.45912391798836844,0.9395942687988281,0.9395942687988281,0.9395942687988281,0.9395942687988281,93.08552,0.21741990661621094,0.3491532287597656,,0.93085498046875,0.93085498046875,0.93085498046875,0.38300686645507814,0.93085498046875,0.2033751904964447,0.459524290902274,0.18370503187179565
5,93.958664,0.33562820298331125,0.49930003711155485,0.9395866394042969,0.9395866394042969,0.9395866394042969,0.9395866394042969,93.3286,0.26048095703125,0.40701806640625,,0.9332861328125,0.9332861328125,0.9332861328125,0.42721871948242185,0.9332861328125,0.1997254341840744,0.4842555182320731,0.1883285790681839
